{"cameraMode":{"drawMode":0,"name":"Shaded","section":"Shading Mode"},"sceneLighting":true,"audioPlay":false,"sceneViewState":{"showFog":true,"showMaterialUpdate":false,"showSkybox":true,"showFlares":true,"showImageEffects":true,"showParticleSystems":true},"in2DMode":false,"pivot":{"x":2.1374359130859377,"y":1.0386500358581544,"z":-11.921882629394532},"rotation":{"x":-0.0183189008384943,"y":0.9775545001029968,"z":-0.09592720866203308,"w":-0.1866806298494339},"size":39.68778991699219,"orthographic":false}