{"cameraMode":{"drawMode":0,"name":"Shaded","section":"Shading Mode"},"sceneLighting":true,"audioPlay":false,"sceneViewState":{"showFog":true,"showMaterialUpdate":false,"showSkybox":true,"showFlares":true,"showImageEffects":true,"showParticleSystems":true},"in2DMode":false,"pivot":{"x":6.372260570526123,"y":7.674477577209473,"z":-10.410914421081543},"rotation":{"x":0.002261384157463908,"y":0.9937965273857117,"z":0.02056298404932022,"w":-0.1092727929353714},"size":29.261165618896486,"orthographic":false}