{"cameraMode":{"drawMode":0,"name":"Shaded","section":"Shading Mode"},"sceneLighting":false,"audioPlay":false,"sceneViewState":{"showFog":true,"showMaterialUpdate":false,"showSkybox":false,"showFlares":true,"showImageEffects":true,"showParticleSystems":true},"in2DMode":false,"pivot":{"x":-3.994492769241333,"y":0.6076136827468872,"z":0.3672010004520416},"rotation":{"x":0.22273394465446473,"y":-0.5543924570083618,"z":0.1570286750793457,"w":0.7863718271255493},"size":5.580994606018066,"orthographic":false}