{"cameraMode":{"drawMode":0,"name":"Shaded","section":"Shading Mode"},"sceneLighting":false,"audioPlay":false,"sceneViewState":{"showFog":true,"showMaterialUpdate":false,"showSkybox":true,"showFlares":true,"showImageEffects":true,"showParticleSystems":true},"in2DMode":false,"pivot":{"x":4.390363693237305,"y":5.895075798034668,"z":15.597963333129883},"rotation":{"x":0.0014341267524287105,"y":0.979779839515686,"z":-0.19995035231113435,"w":0.00702496524900198},"size":30.979047775268556,"orthographic":false}