{"cameraMode":{"drawMode":0,"name":"Shaded","section":"Shading Mode"},"sceneLighting":false,"audioPlay":false,"sceneViewState":{"showFog":true,"showMaterialUpdate":false,"showSkybox":true,"showFlares":true,"showImageEffects":true,"showParticleSystems":true},"in2DMode":false,"pivot":{"x":40.327579498291019,"y":-13.805806159973145,"z":-39.57030487060547},"rotation":{"x":0.03904992341995239,"y":0.9484384059906006,"z":-0.12912517786026,"w":0.2868212163448334},"size":76.67632293701172,"orthographic":false}