{"cameraMode":{"drawMode":0,"name":"Shaded","section":"Shading Mode"},"sceneLighting":false,"audioPlay":false,"sceneViewState":{"showFog":true,"showMaterialUpdate":false,"showSkybox":true,"showFlares":true,"showImageEffects":true,"showParticleSystems":true},"in2DMode":false,"pivot":{"x":-4.100707054138184,"y":4.557620048522949,"z":16.899702072143556},"rotation":{"x":-0.0009591747657395899,"y":0.9989364147186279,"z":-0.024593262001872064,"w":-0.03899139165878296},"size":23.703584671020509,"orthographic":false}