{"cameraMode":{"drawMode":0,"name":"Shaded","section":"Shading Mode"},"sceneLighting":false,"audioPlay":false,"sceneViewState":{"showFog":true,"showMaterialUpdate":false,"showSkybox":false,"showFlares":true,"showImageEffects":true,"showParticleSystems":true},"in2DMode":false,"pivot":{"x":2.8401670455932619,"y":1.2516003847122193,"z":0.005719184875488281},"rotation":{"x":-0.09190774708986283,"y":0.04059828817844391,"z":-0.0037510551046580078,"w":-0.9949325323104858},"size":24.074445724487306,"orthographic":false}