{"cameraMode":{"drawMode":0,"name":"Shaded","section":"Shading Mode"},"sceneLighting":false,"audioPlay":false,"sceneViewState":{"showFog":true,"showMaterialUpdate":false,"showSkybox":false,"showFlares":true,"showImageEffects":true,"showParticleSystems":true},"in2DMode":false,"pivot":{"x":-4.389281749725342,"y":0.7093228101730347,"z":0.08987021446228028},"rotation":{"x":0.22273394465446473,"y":-0.5543924570083618,"z":0.1570286750793457,"w":0.7863718271255493},"size":5.674832344055176,"orthographic":false}