{"cameraMode":{"drawMode":0,"name":"Shaded","section":"Shading Mode"},"sceneLighting":false,"audioPlay":false,"sceneViewState":{"showFog":true,"showMaterialUpdate":false,"showSkybox":true,"showFlares":true,"showImageEffects":true,"showParticleSystems":true},"in2DMode":false,"pivot":{"x":11.15013599395752,"y":6.054093837738037,"z":12.682931900024414},"rotation":{"x":-0.056749626994132999,"y":0.8904564380645752,"z":-0.11579123139381409,"w":-0.4364163875579834},"size":4.867788791656494,"orthographic":false}