{"cameraMode":{"drawMode":0,"name":"Shaded","section":"Shading Mode"},"sceneLighting":false,"audioPlay":false,"sceneViewState":{"showFog":true,"showMaterialUpdate":false,"showSkybox":true,"showFlares":true,"showImageEffects":true,"showParticleSystems":true},"in2DMode":false,"pivot":{"x":9.048386573791504,"y":10.107531547546387,"z":16.629745483398439},"rotation":{"x":-0.007915601134300232,"y":0.9655978083610535,"z":-0.25822868943214419,"w":-0.029601074755191804},"size":21.10102653503418,"orthographic":false}