{"cameraMode":{"drawMode":0,"name":"Shaded","section":"Shading Mode"},"sceneLighting":false,"audioPlay":false,"sceneViewState":{"showFog":true,"showMaterialUpdate":false,"showSkybox":false,"showFlares":true,"showImageEffects":true,"showParticleSystems":true},"in2DMode":false,"pivot":{"x":0.0350642204284668,"y":-0.9009128212928772,"z":-0.45824623107910159},"rotation":{"x":0.023995069786906244,"y":-0.9421359896659851,"z":0.06910133361816406,"w":0.3271530568599701},"size":3.8082823753356935,"orthographic":false}