{"cameraMode":{"drawMode":0,"name":"Shaded","section":"Shading Mode"},"sceneLighting":false,"audioPlay":false,"sceneViewState":{"showFog":true,"showMaterialUpdate":false,"showSkybox":true,"showFlares":true,"showImageEffects":true,"showParticleSystems":true},"in2DMode":false,"pivot":{"x":3.405261278152466,"y":3.05096435546875,"z":16.94161605834961},"rotation":{"x":-0.001506118685938418,"y":0.971244215965271,"z":-0.23800142109394074,"w":-0.006148252636194229},"size":40.342777252197269,"orthographic":false}