{"cameraMode":{"drawMode":0,"name":"Shaded","section":"Shading Mode"},"sceneLighting":false,"audioPlay":false,"sceneViewState":{"showFog":true,"showMaterialUpdate":false,"showSkybox":true,"showFlares":true,"showImageEffects":true,"showParticleSystems":true},"in2DMode":false,"pivot":{"x":3.4138574600219728,"y":0.9595794677734375,"z":13.431346893310547},"rotation":{"x":-0.03328116983175278,"y":0.9487965106964111,"z":-0.2953798174858093,"w":-0.10690359026193619},"size":22.0,"orthographic":false}