{"cameraMode":{"drawMode":0,"name":"Shaded","section":"Shading Mode"},"sceneLighting":false,"audioPlay":false,"sceneViewState":{"showFog":true,"showMaterialUpdate":false,"showSkybox":true,"showFlares":true,"showImageEffects":true,"showParticleSystems":true},"in2DMode":false,"pivot":{"x":13.1438570022583,"y":6.3295793533325199,"z":13.534159660339356},"rotation":{"x":-0.00036815443309023976,"y":0.9795023202896118,"z":-0.20142459869384767,"w":-0.0017927061999216676},"size":42.09717559814453,"orthographic":false}