{"cameraMode":{"drawMode":0,"name":"Shaded","section":"Shading Mode"},"sceneLighting":false,"audioPlay":false,"sceneViewState":{"showFog":true,"showMaterialUpdate":false,"showSkybox":true,"showFlares":true,"showImageEffects":true,"showParticleSystems":true},"in2DMode":false,"pivot":{"x":-559.3773803710938,"y":-136.199462890625,"z":61.46683120727539},"rotation":{"x":0.09045261889696121,"y":-0.6744014024734497,"z":0.08379445225000382,"w":0.7279970049858093},"size":627.16845703125,"orthographic":false}