{"cameraMode":{"drawMode":0,"name":"Shaded","section":"Shading Mode"},"sceneLighting":false,"audioPlay":false,"sceneViewState":{"showFog":true,"showMaterialUpdate":false,"showSkybox":true,"showFlares":true,"showImageEffects":true,"showParticleSystems":true},"in2DMode":false,"pivot":{"x":135.69285583496095,"y":19.07313346862793,"z":59.923179626464847},"rotation":{"x":0.03754161298274994,"y":-0.609123706817627,"z":-0.02888655848801136,"w":-0.791659414768219},"size":3.7024173736572267,"orthographic":false}