{"cameraMode":{"drawMode":0,"name":"Shaded","section":"Shading Mode"},"sceneLighting":false,"audioPlay":false,"sceneViewState":{"showFog":true,"showMaterialUpdate":false,"showSkybox":false,"showFlares":true,"showImageEffects":true,"showParticleSystems":true},"in2DMode":false,"pivot":{"x":-1.7881393432617188e-7,"y":0.2702897787094116,"z":-0.5879659652709961},"rotation":{"x":0.2033718377351761,"y":-0.2668899595737457,"z":0.05772782117128372,"w":0.9402537941932678},"size":4.9576897621154789,"orthographic":false}