{"cameraMode":{"drawMode":0,"name":"Shaded","section":"Shading Mode"},"sceneLighting":false,"audioPlay":false,"sceneViewState":{"showFog":true,"showMaterialUpdate":false,"showSkybox":false,"showFlares":true,"showImageEffects":true,"showParticleSystems":true},"in2DMode":false,"pivot":{"x":0.09399998188018799,"y":0.9917197227478027,"z":0.09500002861022949},"rotation":{"x":0.31610023975372317,"y":-0.25519847869873049,"z":0.08870179206132889,"w":0.9094429612159729},"size":7.354397296905518,"orthographic":false}