{"cameraMode":{"drawMode":0,"name":"Shaded","section":"Shading Mode"},"sceneLighting":false,"audioPlay":false,"sceneViewState":{"showFog":true,"showMaterialUpdate":false,"showSkybox":false,"showFlares":true,"showImageEffects":true,"showParticleSystems":true},"in2DMode":false,"pivot":{"x":-4.053471088409424,"y":0.7430397868156433,"z":0.1965305209159851},"rotation":{"x":0.22273394465446473,"y":-0.5543924570083618,"z":0.1570286750793457,"w":0.7863718271255493},"size":5.5183539390563969,"orthographic":false}