{"cameraMode":{"drawMode":0,"name":"Shaded","section":"Shading Mode"},"sceneLighting":false,"audioPlay":false,"sceneViewState":{"showFog":true,"showMaterialUpdate":false,"showSkybox":false,"showFlares":true,"showImageEffects":true,"showParticleSystems":true},"in2DMode":false,"pivot":{"x":3.7064826488494875,"y":-0.6575412154197693,"z":-3.436939239501953},"rotation":{"x":-0.004277828615158796,"y":-0.9229084253311157,"z":0.010257995687425137,"w":-0.384859174489975},"size":10.445242881774903,"orthographic":false}