{"cameraMode":{"drawMode":0,"name":"Shaded","section":"Shading Mode"},"sceneLighting":false,"audioPlay":false,"sceneViewState":{"showFog":true,"showMaterialUpdate":false,"showSkybox":true,"showFlares":true,"showImageEffects":true,"showParticleSystems":true},"in2DMode":false,"pivot":{"x":1.7713232040405274,"y":-11.9616117477417,"z":96.93335723876953},"rotation":{"x":-0.10631553828716278,"y":-0.07392552495002747,"z":0.007925811223685742,"w":-0.9915488958358765},"size":73.22589111328125,"orthographic":false}