{"cameraMode":{"drawMode":0,"name":"Shaded","section":"Shading Mode"},"sceneLighting":false,"audioPlay":false,"sceneViewState":{"showFog":true,"showMaterialUpdate":false,"showSkybox":true,"showFlares":true,"showImageEffects":true,"showParticleSystems":true},"in2DMode":false,"pivot":{"x":14.227259635925293,"y":16.407127380371095,"z":-16.209609985351564},"rotation":{"x":0.2020958811044693,"y":-0.10142616182565689,"z":0.02104872092604637,"w":0.973872184753418},"size":3.7024173736572267,"orthographic":false}