{"cameraMode":{"drawMode":0,"name":"Shaded","section":"Shading Mode"},"sceneLighting":false,"audioPlay":false,"sceneViewState":{"showFog":true,"showMaterialUpdate":false,"showSkybox":true,"showFlares":true,"showImageEffects":true,"showParticleSystems":true},"in2DMode":false,"pivot":{"x":-14.582357406616211,"y":-23.138643264770509,"z":4.184165954589844},"rotation":{"x":-0.08201371133327484,"y":0.9178497791290283,"z":-0.2827312648296356,"w":-0.2662491500377655},"size":64.82125854492188,"orthographic":false}